"","Div","Date","HomeTeam","AwayTeam","FTHG","FTAG","FTR","HTHG","HTAG","HTR","X","X.1","X.2","X.3","X.4","X.5","X.6","X.7","X.8","X.9","X.10","X.11"
"1","E0","07/08/99","Arsenal","Leicester",2,1,"H",0,0,"D",NA,NA,NA,NA,NA,NA,NA,NA,NA,NA,NA,NA
"2","E0","07/08/99","Chelsea","Sunderland",4,0,"H",2,0,"H",NA,NA,NA,NA,NA,NA,NA,NA,NA,NA,NA,NA
"3","E0","07/08/99","Coventry","Southampton",0,1,"A",0,0,"D",NA,NA,NA,NA,NA,NA,NA,NA,NA,NA,NA,NA
"4","E0","07/08/99","Leeds","Derby",0,0,"D",0,0,"D",NA,NA,NA,NA,NA,NA,NA,NA,NA,NA,NA,NA
"5","E0","07/08/99","Middlesbrough","Bradford",0,1,"A",0,0,"D",NA,NA,NA,NA,NA,NA,NA,NA,NA,NA,NA,NA
"6","E0","07/08/99","Newcastle","Aston Villa",0,1,"A",0,0,"D",NA,NA,NA,NA,NA,NA,NA,NA,NA,NA,NA,NA
"7","E0","07/08/99","Sheffield Weds","Liverpool",1,2,"A",0,0,"D",NA,NA,NA,NA,NA,NA,NA,NA,NA,NA,NA,NA
"8","E0","07/08/99","Watford","Wimbledon",2,3,"A",1,2,"A",NA,NA,NA,NA,NA,NA,NA,NA,NA,NA,NA,NA
"9","E0","07/08/99","West Ham","Tottenham",1,0,"H",1,0,"H",NA,NA,NA,NA,NA,NA,NA,NA,NA,NA,NA,NA
"10","E0","08/08/99","Everton","Man United",1,1,"D",0,1,"A",NA,NA,NA,NA,NA,NA,NA,NA,NA,NA,NA,NA
"11","E0","09/08/99","Tottenham","Newcastle",3,1,"H",2,1,"H",NA,NA,NA,NA,NA,NA,NA,NA,NA,NA,NA,NA
"12","E0","10/08/99","Derby","Arsenal",1,2,"A",1,1,"D",NA,NA,NA,NA,NA,NA,NA,NA,NA,NA,NA,NA
"13","E0","10/08/99","Sunderland","Watford",2,0,"H",0,0,"D",NA,NA,NA,NA,NA,NA,NA,NA,NA,NA,NA,NA
"14","E0","10/08/99","Wimbledon","Middlesbrough",2,3,"A",1,2,"A",NA,NA,NA,NA,NA,NA,NA,NA,NA,NA,NA,NA
"15","E0","11/08/99","Aston Villa","Everton",3,0,"H",1,0,"H",NA,NA,NA,NA,NA,NA,NA,NA,NA,NA,NA,NA
"16","E0","11/08/99","Leicester","Coventry",1,0,"H",1,0,"H",NA,NA,NA,NA,NA,NA,NA,NA,NA,NA,NA,NA
"17","E0","11/08/99","Man United","Sheffield Weds",4,0,"H",2,0,"H",NA,NA,NA,NA,NA,NA,NA,NA,NA,NA,NA,NA
"18","E0","11/08/99","Southampton","Leeds",0,3,"A",0,1,"A",NA,NA,NA,NA,NA,NA,NA,NA,NA,NA,NA,NA
"19","E0","14/08/99","Bradford","Sheffield Weds",1,1,"D",0,1,"A",NA,NA,NA,NA,NA,NA,NA,NA,NA,NA,NA,NA
"20","E0","14/08/99","Derby","Middlesbrough",1,3,"A",1,2,"A",NA,NA,NA,NA,NA,NA,NA,NA,NA,NA,NA,NA
"21","E0","14/08/99","Leicester","Chelsea",2,2,"D",1,0,"H",NA,NA,NA,NA,NA,NA,NA,NA,NA,NA,NA,NA
"22","E0","14/08/99","Liverpool","Watford",0,1,"A",0,1,"A",NA,NA,NA,NA,NA,NA,NA,NA,NA,NA,NA,NA
"23","E0","14/08/99","Man United","Leeds",2,0,"H",0,0,"D",NA,NA,NA,NA,NA,NA,NA,NA,NA,NA,NA,NA
"24","E0","14/08/99","Sunderland","Arsenal",0,0,"D",0,0,"D",NA,NA,NA,NA,NA,NA,NA,NA,NA,NA,NA,NA
"25","E0","14/08/99","Tottenham","Everton",3,2,"H",1,1,"D",NA,NA,NA,NA,NA,NA,NA,NA,NA,NA,NA,NA
"26","E0","14/08/99","Wimbledon","Coventry",1,1,"D",0,0,"D",NA,NA,NA,NA,NA,NA,NA,NA,NA,NA,NA,NA
"27","E0","15/08/99","Southampton","Newcastle",4,2,"H",0,1,"A",NA,NA,NA,NA,NA,NA,NA,NA,NA,NA,NA,NA
"28","E0","16/08/99","Aston Villa","West Ham",2,2,"D",1,1,"D",NA,NA,NA,NA,NA,NA,NA,NA,NA,NA,NA,NA
"29","E0","21/08/99","Chelsea","Aston Villa",1,0,"H",0,0,"D",NA,NA,NA,NA,NA,NA,NA,NA,NA,NA,NA,NA
"30","E0","21/08/99","Coventry","Derby",2,0,"H",1,0,"H",NA,NA,NA,NA,NA,NA,NA,NA,NA,NA,NA,NA
"31","E0","21/08/99","Everton","Southampton",4,1,"H",2,0,"H",NA,NA,NA,NA,NA,NA,NA,NA,NA,NA,NA,NA
"32","E0","21/08/99","Leeds","Sunderland",2,1,"H",0,1,"A",NA,NA,NA,NA,NA,NA,NA,NA,NA,NA,NA,NA
"33","E0","21/08/99","Middlesbrough","Liverpool",1,0,"H",0,0,"D",NA,NA,NA,NA,NA,NA,NA,NA,NA,NA,NA,NA
"34","E0","21/08/99","Newcastle","Wimbledon",3,3,"D",2,1,"H",NA,NA,NA,NA,NA,NA,NA,NA,NA,NA,NA,NA
"35","E0","21/08/99","Sheffield Weds","Tottenham",1,2,"A",1,2,"A",NA,NA,NA,NA,NA,NA,NA,NA,NA,NA,NA,NA
"36","E0","21/08/99","Watford","Bradford",1,0,"H",0,0,"D",NA,NA,NA,NA,NA,NA,NA,NA,NA,NA,NA,NA
"37","E0","21/08/99","West Ham","Leicester",2,1,"H",1,1,"D",NA,NA,NA,NA,NA,NA,NA,NA,NA,NA,NA,NA
"38","E0","22/08/99","Arsenal","Man United",1,2,"A",1,0,"H",NA,NA,NA,NA,NA,NA,NA,NA,NA,NA,NA,NA
"39","E0","23/08/99","Leeds","Liverpool",1,2,"A",1,1,"D",NA,NA,NA,NA,NA,NA,NA,NA,NA,NA,NA,NA
"40","E0","24/08/99","Middlesbrough","Leicester",0,3,"A",0,2,"A",NA,NA,NA,NA,NA,NA,NA,NA,NA,NA,NA,NA
"41","E0","24/08/99","Watford","Aston Villa",0,1,"A",0,0,"D",NA,NA,NA,NA,NA,NA,NA,NA,NA,NA,NA,NA
"42","E0","25/08/99","Arsenal","Bradford",2,0,"H",2,0,"H",NA,NA,NA,NA,NA,NA,NA,NA,NA,NA,NA,NA
"43","E0","25/08/99","Coventry","Man United",1,2,"A",0,0,"D",NA,NA,NA,NA,NA,NA,NA,NA,NA,NA,NA,NA
"44","E0","25/08/99","Everton","Wimbledon",4,0,"H",1,0,"H",NA,NA,NA,NA,NA,NA,NA,NA,NA,NA,NA,NA
"45","E0","25/08/99","Newcastle","Sunderland",1,2,"A",1,0,"H",NA,NA,NA,NA,NA,NA,NA,NA,NA,NA,NA,NA
"46","E0","25/08/99","Sheffield Weds","Derby",0,2,"A",0,0,"D",NA,NA,NA,NA,NA,NA,NA,NA,NA,NA,NA,NA
"47","E0","28/08/99","Aston Villa","Middlesbrough",1,0,"H",1,0,"H",NA,NA,NA,NA,NA,NA,NA,NA,NA,NA,NA,NA
"48","E0","28/08/99","Bradford","West Ham",0,3,"A",0,2,"A",NA,NA,NA,NA,NA,NA,NA,NA,NA,NA,NA,NA
"49","E0","28/08/99","Derby","Everton",1,0,"H",0,0,"D",NA,NA,NA,NA,NA,NA,NA,NA,NA,NA,NA,NA
"50","E0","28/08/99","Liverpool","Arsenal",2,0,"H",1,0,"H",NA,NA,NA,NA,NA,NA,NA,NA,NA,NA,NA,NA
"51","E0","28/08/99","Southampton","Sheffield Weds",2,0,"H",0,0,"D",NA,NA,NA,NA,NA,NA,NA,NA,NA,NA,NA,NA
"52","E0","28/08/99","Tottenham","Leeds",1,2,"A",1,0,"H",NA,NA,NA,NA,NA,NA,NA,NA,NA,NA,NA,NA
"53","E0","28/08/99","Wimbledon","Chelsea",0,1,"A",0,0,"D",NA,NA,NA,NA,NA,NA,NA,NA,NA,NA,NA,NA
"54","E0","29/08/99","Sunderland","Coventry",1,1,"D",0,1,"A",NA,NA,NA,NA,NA,NA,NA,NA,NA,NA,NA,NA
"55","E0","30/08/99","Leicester","Watford",1,0,"H",1,0,"H",NA,NA,NA,NA,NA,NA,NA,NA,NA,NA,NA,NA
"56","E0","30/08/99","Man United","Newcastle",5,1,"H",1,1,"D",NA,NA,NA,NA,NA,NA,NA,NA,NA,NA,NA,NA
"57","E0","11/09/99","Arsenal","Aston Villa",3,1,"H",1,1,"D",NA,NA,NA,NA,NA,NA,NA,NA,NA,NA,NA,NA
"58","E0","11/09/99","Chelsea","Newcastle",1,0,"H",1,0,"H",NA,NA,NA,NA,NA,NA,NA,NA,NA,NA,NA,NA
"59","E0","11/09/99","Coventry","Leeds",3,4,"A",2,3,"A",NA,NA,NA,NA,NA,NA,NA,NA,NA,NA,NA,NA
"60","E0","11/09/99","Liverpool","Man United",2,3,"A",1,3,"A",NA,NA,NA,NA,NA,NA,NA,NA,NA,NA,NA,NA
"61","E0","11/09/99","Middlesbrough","Southampton",3,2,"H",1,1,"D",NA,NA,NA,NA,NA,NA,NA,NA,NA,NA,NA,NA
"62","E0","11/09/99","Sheffield Weds","Everton",0,2,"A",0,2,"A",NA,NA,NA,NA,NA,NA,NA,NA,NA,NA,NA,NA
"63","E0","11/09/99","Sunderland","Leicester",2,0,"H",1,0,"H",NA,NA,NA,NA,NA,NA,NA,NA,NA,NA,NA,NA
"64","E0","11/09/99","West Ham","Watford",1,0,"H",0,0,"D",NA,NA,NA,NA,NA,NA,NA,NA,NA,NA,NA,NA
"65","E0","11/09/99","Wimbledon","Derby",2,2,"D",0,1,"A",NA,NA,NA,NA,NA,NA,NA,NA,NA,NA,NA,NA
"66","E0","12/09/99","Bradford","Tottenham",1,1,"D",0,0,"D",NA,NA,NA,NA,NA,NA,NA,NA,NA,NA,NA,NA
"67","E0","18/09/99","Aston Villa","Bradford",1,0,"H",0,0,"D",NA,NA,NA,NA,NA,NA,NA,NA,NA,NA,NA,NA
"68","E0","18/09/99","Derby","Sunderland",0,5,"A",0,2,"A",NA,NA,NA,NA,NA,NA,NA,NA,NA,NA,NA,NA
"69","E0","18/09/99","Leicester","Liverpool",2,2,"D",1,2,"A",NA,NA,NA,NA,NA,NA,NA,NA,NA,NA,NA,NA
"70","E0","18/09/99","Man United","Wimbledon",1,1,"D",0,1,"A",NA,NA,NA,NA,NA,NA,NA,NA,NA,NA,NA,NA
"71","E0","18/09/99","Southampton","Arsenal",0,1,"A",0,0,"D",NA,NA,NA,NA,NA,NA,NA,NA,NA,NA,NA,NA
"72","E0","18/09/99","Watford","Chelsea",1,0,"H",0,0,"D",NA,NA,NA,NA,NA,NA,NA,NA,NA,NA,NA,NA
"73","E0","19/09/99","Everton","West Ham",1,0,"H",0,0,"D",NA,NA,NA,NA,NA,NA,NA,NA,NA,NA,NA,NA
"74","E0","19/09/99","Leeds","Middlesbrough",2,0,"H",1,0,"H",NA,NA,NA,NA,NA,NA,NA,NA,NA,NA,NA,NA
"75","E0","19/09/99","Newcastle","Sheffield Weds",8,0,"H",4,0,"H",NA,NA,NA,NA,NA,NA,NA,NA,NA,NA,NA,NA
"76","E0","19/09/99","Tottenham","Coventry",3,2,"H",1,0,"H",NA,NA,NA,NA,NA,NA,NA,NA,NA,NA,NA,NA
"77","E0","25/09/99","Arsenal","Watford",1,0,"H",0,0,"D",NA,NA,NA,NA,NA,NA,NA,NA,NA,NA,NA,NA
"78","E0","25/09/99","Coventry","West Ham",1,0,"H",1,0,"H",NA,NA,NA,NA,NA,NA,NA,NA,NA,NA,NA,NA
"79","E0","25/09/99","Derby","Bradford",0,1,"A",0,0,"D",NA,NA,NA,NA,NA,NA,NA,NA,NA,NA,NA,NA
"80","E0","25/09/99","Leeds","Newcastle",3,2,"H",2,1,"H",NA,NA,NA,NA,NA,NA,NA,NA,NA,NA,NA,NA
"81","E0","25/09/99","Leicester","Aston Villa",3,1,"H",1,0,"H",NA,NA,NA,NA,NA,NA,NA,NA,NA,NA,NA,NA
"82","E0","25/09/99","Man United","Southampton",3,3,"D",2,1,"H",NA,NA,NA,NA,NA,NA,NA,NA,NA,NA,NA,NA
"83","E0","25/09/99","Middlesbrough","Chelsea",0,1,"A",0,0,"D",NA,NA,NA,NA,NA,NA,NA,NA,NA,NA,NA,NA
"84","E0","25/09/99","Sunderland","Sheffield Weds",1,0,"H",0,0,"D",NA,NA,NA,NA,NA,NA,NA,NA,NA,NA,NA,NA
"85","E0","26/09/99","Wimbledon","Tottenham",1,1,"D",0,0,"D",NA,NA,NA,NA,NA,NA,NA,NA,NA,NA,NA,NA
"86","E0","27/09/99","Liverpool","Everton",0,1,"A",0,1,"A",NA,NA,NA,NA,NA,NA,NA,NA,NA,NA,NA,NA
"87","E0","02/10/99","Aston Villa","Liverpool",0,0,"D",0,0,"D",NA,NA,NA,NA,NA,NA,NA,NA,NA,NA,NA,NA
"88","E0","02/10/99","Bradford","Sunderland",0,4,"A",0,1,"A",NA,NA,NA,NA,NA,NA,NA,NA,NA,NA,NA,NA
"89","E0","02/10/99","Everton","Coventry",1,1,"D",1,1,"D",NA,NA,NA,NA,NA,NA,NA,NA,NA,NA,NA,NA
"90","E0","02/10/99","Sheffield Weds","Wimbledon",5,1,"H",2,1,"H",NA,NA,NA,NA,NA,NA,NA,NA,NA,NA,NA,NA
"91","E0","03/10/99","Chelsea","Man United",5,0,"H",2,0,"H",NA,NA,NA,NA,NA,NA,NA,NA,NA,NA,NA,NA
"92","E0","03/10/99","Newcastle","Middlesbrough",2,1,"H",2,0,"H",NA,NA,NA,NA,NA,NA,NA,NA,NA,NA,NA,NA
"93","E0","03/10/99","Tottenham","Leicester",2,3,"A",2,1,"H",NA,NA,NA,NA,NA,NA,NA,NA,NA,NA,NA,NA
"94","E0","03/10/99","Watford","Leeds",1,2,"A",1,1,"D",NA,NA,NA,NA,NA,NA,NA,NA,NA,NA,NA,NA
"95","E0","03/10/99","West Ham","Arsenal",2,1,"H",1,0,"H",NA,NA,NA,NA,NA,NA,NA,NA,NA,NA,NA,NA
"96","E0","04/10/99","Southampton","Derby",3,3,"D",2,1,"H",NA,NA,NA,NA,NA,NA,NA,NA,NA,NA,NA,NA
"97","E0","16/10/99","Arsenal","Everton",4,1,"H",1,1,"D",NA,NA,NA,NA,NA,NA,NA,NA,NA,NA,NA,NA
"98","E0","16/10/99","Coventry","Newcastle",4,1,"H",3,0,"H",NA,NA,NA,NA,NA,NA,NA,NA,NA,NA,NA,NA
"99","E0","16/10/99","Derby","Tottenham",0,1,"A",0,1,"A",NA,NA,NA,NA,NA,NA,NA,NA,NA,NA,NA,NA
"100","E0","16/10/99","Leeds","Sheffield Weds",2,0,"H",0,0,"D",NA,NA,NA,NA,NA,NA,NA,NA,NA,NA,NA,NA
"101","E0","16/10/99","Leicester","Southampton",2,1,"H",2,0,"H",NA,NA,NA,NA,NA,NA,NA,NA,NA,NA,NA,NA
"102","E0","16/10/99","Liverpool","Chelsea",1,0,"H",0,0,"D",NA,NA,NA,NA,NA,NA,NA,NA,NA,NA,NA,NA
"103","E0","16/10/99","Man United","Watford",4,1,"H",3,0,"H",NA,NA,NA,NA,NA,NA,NA,NA,NA,NA,NA,NA
"104","E0","16/10/99","Wimbledon","Bradford",3,2,"H",2,1,"H",NA,NA,NA,NA,NA,NA,NA,NA,NA,NA,NA,NA
"105","E0","17/10/99","Middlesbrough","West Ham",2,0,"H",0,0,"D",NA,NA,NA,NA,NA,NA,NA,NA,NA,NA,NA,NA
"106","E0","18/10/99","Sunderland","Aston Villa",2,1,"H",0,0,"D",NA,NA,NA,NA,NA,NA,NA,NA,NA,NA,NA,NA
"107","E0","23/10/99","Aston Villa","Wimbledon",1,1,"D",1,1,"D",NA,NA,NA,NA,NA,NA,NA,NA,NA,NA,NA,NA
"108","E0","23/10/99","Bradford","Leicester",3,1,"H",2,1,"H",NA,NA,NA,NA,NA,NA,NA,NA,NA,NA,NA,NA
"109","E0","23/10/99","Chelsea","Arsenal",2,3,"A",1,0,"H",NA,NA,NA,NA,NA,NA,NA,NA,NA,NA,NA,NA
"110","E0","23/10/99","Sheffield Weds","Coventry",0,0,"D",0,0,"D",NA,NA,NA,NA,NA,NA,NA,NA,NA,NA,NA,NA
"111","E0","23/10/99","Southampton","Liverpool",1,1,"D",1,0,"H",NA,NA,NA,NA,NA,NA,NA,NA,NA,NA,NA,NA
"112","E0","23/10/99","Tottenham","Man United",3,1,"H",2,1,"H",NA,NA,NA,NA,NA,NA,NA,NA,NA,NA,NA,NA
"113","E0","24/10/99","Everton","Leeds",4,4,"D",3,2,"H",NA,NA,NA,NA,NA,NA,NA,NA,NA,NA,NA,NA
"114","E0","24/10/99","Watford","Middlesbrough",1,3,"A",0,2,"A",NA,NA,NA,NA,NA,NA,NA,NA,NA,NA,NA,NA
"115","E0","24/10/99","West Ham","Sunderland",1,1,"D",0,1,"A",NA,NA,NA,NA,NA,NA,NA,NA,NA,NA,NA,NA
"116","E0","25/10/99","Newcastle","Derby",2,0,"H",1,0,"H",NA,NA,NA,NA,NA,NA,NA,NA,NA,NA,NA,NA
"117","E0","27/10/99","Liverpool","West Ham",1,0,"H",1,0,"H",NA,NA,NA,NA,NA,NA,NA,NA,NA,NA,NA,NA
"118","E0","30/10/99","Arsenal","Newcastle",0,0,"D",0,0,"D",NA,NA,NA,NA,NA,NA,NA,NA,NA,NA,NA,NA
"119","E0","30/10/99","Derby","Chelsea",3,1,"H",1,1,"D",NA,NA,NA,NA,NA,NA,NA,NA,NA,NA,NA,NA
"120","E0","30/10/99","Leeds","West Ham",1,0,"H",0,0,"D",NA,NA,NA,NA,NA,NA,NA,NA,NA,NA,NA,NA
"121","E0","30/10/99","Leicester","Sheffield Weds",3,0,"H",2,0,"H",NA,NA,NA,NA,NA,NA,NA,NA,NA,NA,NA,NA
"122","E0","30/10/99","Man United","Aston Villa",3,0,"H",2,0,"H",NA,NA,NA,NA,NA,NA,NA,NA,NA,NA,NA,NA
"123","E0","30/10/99","Middlesbrough","Everton",2,1,"H",1,1,"D",NA,NA,NA,NA,NA,NA,NA,NA,NA,NA,NA,NA
"124","E0","30/10/99","Wimbledon","Southampton",1,1,"D",0,0,"D",NA,NA,NA,NA,NA,NA,NA,NA,NA,NA,NA,NA
"125","E0","31/10/99","Coventry","Watford",4,0,"H",2,0,"H",NA,NA,NA,NA,NA,NA,NA,NA,NA,NA,NA,NA
"126","E0","31/10/99","Sunderland","Tottenham",2,1,"H",2,0,"H",NA,NA,NA,NA,NA,NA,NA,NA,NA,NA,NA,NA
"127","E0","01/11/99","Liverpool","Bradford",3,1,"H",2,1,"H",NA,NA,NA,NA,NA,NA,NA,NA,NA,NA,NA,NA
"128","E0","06/11/99","Aston Villa","Southampton",0,1,"A",0,0,"D",NA,NA,NA,NA,NA,NA,NA,NA,NA,NA,NA,NA
"129","E0","06/11/99","Bradford","Coventry",1,1,"D",1,1,"D",NA,NA,NA,NA,NA,NA,NA,NA,NA,NA,NA,NA
"130","E0","06/11/99","Liverpool","Derby",2,0,"H",0,0,"D",NA,NA,NA,NA,NA,NA,NA,NA,NA,NA,NA,NA
"131","E0","06/11/99","Man United","Leicester",2,0,"H",1,0,"H",NA,NA,NA,NA,NA,NA,NA,NA,NA,NA,NA,NA
"132","E0","06/11/99","Middlesbrough","Sunderland",1,1,"D",0,0,"D",NA,NA,NA,NA,NA,NA,NA,NA,NA,NA,NA,NA
"133","E0","06/11/99","Sheffield Weds","Watford",2,2,"D",0,1,"A",NA,NA,NA,NA,NA,NA,NA,NA,NA,NA,NA,NA
"134","E0","07/11/99","Chelsea","West Ham",0,0,"D",0,0,"D",NA,NA,NA,NA,NA,NA,NA,NA,NA,NA,NA,NA
"135","E0","07/11/99","Newcastle","Everton",1,1,"D",0,0,"D",NA,NA,NA,NA,NA,NA,NA,NA,NA,NA,NA,NA
"136","E0","07/11/99","Tottenham","Arsenal",2,1,"H",2,1,"H",NA,NA,NA,NA,NA,NA,NA,NA,NA,NA,NA,NA
"137","E0","07/11/99","Wimbledon","Leeds",2,0,"H",1,0,"H",NA,NA,NA,NA,NA,NA,NA,NA,NA,NA,NA,NA
"138","E0","20/11/99","Arsenal","Middlesbrough",5,1,"H",2,0,"H",NA,NA,NA,NA,NA,NA,NA,NA,NA,NA,NA,NA
"139","E0","20/11/99","Derby","Man United",1,2,"A",0,0,"D",NA,NA,NA,NA,NA,NA,NA,NA,NA,NA,NA,NA
"140","E0","20/11/99","Everton","Chelsea",1,1,"D",1,0,"H",NA,NA,NA,NA,NA,NA,NA,NA,NA,NA,NA,NA
"141","E0","20/11/99","Leeds","Bradford",2,1,"H",0,0,"D",NA,NA,NA,NA,NA,NA,NA,NA,NA,NA,NA,NA
"142","E0","20/11/99","Leicester","Wimbledon",2,1,"H",1,1,"D",NA,NA,NA,NA,NA,NA,NA,NA,NA,NA,NA,NA
"143","E0","20/11/99","Southampton","Tottenham",0,1,"A",0,0,"D",NA,NA,NA,NA,NA,NA,NA,NA,NA,NA,NA,NA
"144","E0","20/11/99","Sunderland","Liverpool",0,2,"A",0,0,"D",NA,NA,NA,NA,NA,NA,NA,NA,NA,NA,NA,NA
"145","E0","20/11/99","Watford","Newcastle",1,1,"D",0,0,"D",NA,NA,NA,NA,NA,NA,NA,NA,NA,NA,NA,NA
"146","E0","21/11/99","West Ham","Sheffield Weds",4,3,"H",1,1,"D",NA,NA,NA,NA,NA,NA,NA,NA,NA,NA,NA,NA
"147","E0","22/11/99","Coventry","Aston Villa",2,1,"H",1,1,"D",NA,NA,NA,NA,NA,NA,NA,NA,NA,NA,NA,NA
"148","E0","27/11/99","Coventry","Leicester",0,1,"A",0,0,"D",NA,NA,NA,NA,NA,NA,NA,NA,NA,NA,NA,NA
"149","E0","27/11/99","Everton","Aston Villa",0,0,"D",0,0,"D",NA,NA,NA,NA,NA,NA,NA,NA,NA,NA,NA,NA
"150","E0","27/11/99","Middlesbrough","Wimbledon",0,0,"D",0,0,"D",NA,NA,NA,NA,NA,NA,NA,NA,NA,NA,NA,NA
"151","E0","27/11/99","Watford","Sunderland",2,3,"A",1,2,"A",NA,NA,NA,NA,NA,NA,NA,NA,NA,NA,NA,NA
"152","E0","27/11/99","West Ham","Liverpool",1,0,"H",1,0,"H",NA,NA,NA,NA,NA,NA,NA,NA,NA,NA,NA,NA
"153","E0","28/11/99","Arsenal","Derby",2,1,"H",1,1,"D",NA,NA,NA,NA,NA,NA,NA,NA,NA,NA,NA,NA
"154","E0","28/11/99","Chelsea","Bradford",1,0,"H",1,0,"H",NA,NA,NA,NA,NA,NA,NA,NA,NA,NA,NA,NA
"155","E0","28/11/99","Leeds","Southampton",1,0,"H",0,0,"D",NA,NA,NA,NA,NA,NA,NA,NA,NA,NA,NA,NA
"156","E0","28/11/99","Newcastle","Tottenham",2,1,"H",1,1,"D",NA,NA,NA,NA,NA,NA,NA,NA,NA,NA,NA,NA
"157","E0","04/12/99","Aston Villa","Newcastle",0,1,"A",0,0,"D",NA,NA,NA,NA,NA,NA,NA,NA,NA,NA,NA,NA
"158","E0","04/12/99","Bradford","Middlesbrough",1,1,"D",0,1,"A",NA,NA,NA,NA,NA,NA,NA,NA,NA,NA,NA,NA
"159","E0","04/12/99","Leicester","Arsenal",0,3,"A",0,1,"A",NA,NA,NA,NA,NA,NA,NA,NA,NA,NA,NA,NA
"160","E0","04/12/99","Man United","Everton",5,1,"H",3,1,"H",NA,NA,NA,NA,NA,NA,NA,NA,NA,NA,NA,NA
"161","E0","04/12/99","Southampton","Coventry",0,0,"D",0,0,"D",NA,NA,NA,NA,NA,NA,NA,NA,NA,NA,NA,NA
"162","E0","04/12/99","Sunderland","Chelsea",4,1,"H",4,0,"H",NA,NA,NA,NA,NA,NA,NA,NA,NA,NA,NA,NA
"163","E0","04/12/99","Wimbledon","Watford",5,0,"H",2,0,"H",NA,NA,NA,NA,NA,NA,NA,NA,NA,NA,NA,NA
"164","E0","05/12/99","Derby","Leeds",0,1,"A",0,0,"D",NA,NA,NA,NA,NA,NA,NA,NA,NA,NA,NA,NA
"165","E0","05/12/99","Liverpool","Sheffield Weds",4,1,"H",2,1,"H",NA,NA,NA,NA,NA,NA,NA,NA,NA,NA,NA,NA
"166","E0","06/12/99","Tottenham","West Ham",0,0,"D",0,0,"D",NA,NA,NA,NA,NA,NA,NA,NA,NA,NA,NA,NA
"167","E0","18/12/99","Arsenal","Wimbledon",1,1,"D",0,1,"A",NA,NA,NA,NA,NA,NA,NA,NA,NA,NA,NA,NA
"168","E0","18/12/99","Aston Villa","Sheffield Weds",2,1,"H",0,1,"A",NA,NA,NA,NA,NA,NA,NA,NA,NA,NA,NA,NA
"169","E0","18/12/99","Bradford","Newcastle",2,0,"H",0,0,"D",NA,NA,NA,NA,NA,NA,NA,NA,NA,NA,NA,NA
"170","E0","18/12/99","Leicester","Derby",0,1,"A",0,0,"D",NA,NA,NA,NA,NA,NA,NA,NA,NA,NA,NA,NA
"171","E0","18/12/99","Liverpool","Coventry",2,0,"H",1,0,"H",NA,NA,NA,NA,NA,NA,NA,NA,NA,NA,NA,NA
"172","E0","18/12/99","Middlesbrough","Tottenham",2,1,"H",1,1,"D",NA,NA,NA,NA,NA,NA,NA,NA,NA,NA,NA,NA
"173","E0","18/12/99","Sunderland","Southampton",2,0,"H",1,0,"H",NA,NA,NA,NA,NA,NA,NA,NA,NA,NA,NA,NA
"174","E0","18/12/99","Watford","Everton",1,3,"A",0,2,"A",NA,NA,NA,NA,NA,NA,NA,NA,NA,NA,NA,NA
"175","E0","18/12/99","West Ham","Man United",2,4,"A",1,3,"A",NA,NA,NA,NA,NA,NA,NA,NA,NA,NA,NA,NA
"176","E0","19/12/99","Chelsea","Leeds",0,2,"A",0,0,"D",NA,NA,NA,NA,NA,NA,NA,NA,NA,NA,NA,NA
"177","E0","26/12/99","Coventry","Arsenal",3,2,"H",2,0,"H",NA,NA,NA,NA,NA,NA,NA,NA,NA,NA,NA,NA
"178","E0","26/12/99","Derby","Aston Villa",0,2,"A",0,0,"D",NA,NA,NA,NA,NA,NA,NA,NA,NA,NA,NA,NA
"179","E0","26/12/99","Everton","Sunderland",5,0,"H",3,0,"H",NA,NA,NA,NA,NA,NA,NA,NA,NA,NA,NA,NA
"180","E0","26/12/99","Leeds","Leicester",2,1,"H",2,1,"H",NA,NA,NA,NA,NA,NA,NA,NA,NA,NA,NA,NA
"181","E0","26/12/99","Man United","Bradford",4,0,"H",0,0,"D",NA,NA,NA,NA,NA,NA,NA,NA,NA,NA,NA,NA
"182","E0","26/12/99","Newcastle","Liverpool",2,2,"D",1,1,"D",NA,NA,NA,NA,NA,NA,NA,NA,NA,NA,NA,NA
"183","E0","26/12/99","Sheffield Weds","Middlesbrough",1,0,"H",1,0,"H",NA,NA,NA,NA,NA,NA,NA,NA,NA,NA,NA,NA
"184","E0","26/12/99","Southampton","Chelsea",1,2,"A",0,2,"A",NA,NA,NA,NA,NA,NA,NA,NA,NA,NA,NA,NA
"185","E0","26/12/99","Tottenham","Watford",4,0,"H",2,0,"H",NA,NA,NA,NA,NA,NA,NA,NA,NA,NA,NA,NA
"186","E0","26/12/99","Wimbledon","West Ham",2,2,"D",1,1,"D",NA,NA,NA,NA,NA,NA,NA,NA,NA,NA,NA,NA
"187","E0","28/12/99","Arsenal","Leeds",2,0,"H",1,0,"H",NA,NA,NA,NA,NA,NA,NA,NA,NA,NA,NA,NA
"188","E0","28/12/99","Bradford","Everton",0,0,"D",0,0,"D",NA,NA,NA,NA,NA,NA,NA,NA,NA,NA,NA,NA
"189","E0","28/12/99","Leicester","Newcastle",1,2,"A",0,1,"A",NA,NA,NA,NA,NA,NA,NA,NA,NA,NA,NA,NA
"190","E0","28/12/99","Liverpool","Wimbledon",3,1,"H",0,0,"D",NA,NA,NA,NA,NA,NA,NA,NA,NA,NA,NA,NA
"191","E0","28/12/99","Sunderland","Man United",2,2,"D",2,1,"H",NA,NA,NA,NA,NA,NA,NA,NA,NA,NA,NA,NA
"192","E0","28/12/99","Watford","Southampton",3,2,"H",2,0,"H",NA,NA,NA,NA,NA,NA,NA,NA,NA,NA,NA,NA
"193","E0","28/12/99","West Ham","Derby",1,1,"D",1,1,"D",NA,NA,NA,NA,NA,NA,NA,NA,NA,NA,NA,NA
"194","E0","29/12/99","Aston Villa","Tottenham",1,1,"D",0,1,"A",NA,NA,NA,NA,NA,NA,NA,NA,NA,NA,NA,NA
"195","E0","29/12/99","Chelsea","Sheffield Weds",3,0,"H",2,0,"H",NA,NA,NA,NA,NA,NA,NA,NA,NA,NA,NA,NA
"196","E0","03/01/00","Derby","Watford",2,0,"H",1,0,"H",NA,NA,NA,NA,NA,NA,NA,NA,NA,NA,NA,NA
"197","E0","03/01/00","Everton","Leicester",2,2,"D",1,2,"A",NA,NA,NA,NA,NA,NA,NA,NA,NA,NA,NA,NA
"198","E0","03/01/00","Leeds","Aston Villa",1,2,"A",0,1,"A",NA,NA,NA,NA,NA,NA,NA,NA,NA,NA,NA,NA
"199","E0","03/01/00","Newcastle","West Ham",2,2,"D",1,0,"H",NA,NA,NA,NA,NA,NA,NA,NA,NA,NA,NA,NA
"200","E0","03/01/00","Sheffield Weds","Arsenal",1,1,"D",0,1,"A",NA,NA,NA,NA,NA,NA,NA,NA,NA,NA,NA,NA
"201","E0","03/01/00","Southampton","Bradford",1,0,"H",0,0,"D",NA,NA,NA,NA,NA,NA,NA,NA,NA,NA,NA,NA
"202","E0","03/01/00","Tottenham","Liverpool",1,0,"H",1,0,"H",NA,NA,NA,NA,NA,NA,NA,NA,NA,NA,NA,NA
"203","E0","03/01/00","Wimbledon","Sunderland",1,0,"H",1,0,"H",NA,NA,NA,NA,NA,NA,NA,NA,NA,NA,NA,NA
"204","E0","04/01/00","Coventry","Chelsea",2,2,"D",0,0,"D",NA,NA,NA,NA,NA,NA,NA,NA,NA,NA,NA,NA
"205","E0","08/01/00","Bradford","Chelsea",1,1,"D",1,0,"H",NA,NA,NA,NA,NA,NA,NA,NA,NA,NA,NA,NA
"206","E0","12/01/00","Chelsea","Tottenham",1,0,"H",0,0,"D",NA,NA,NA,NA,NA,NA,NA,NA,NA,NA,NA,NA
"207","E0","15/01/00","Arsenal","Sunderland",4,1,"H",3,0,"H",NA,NA,NA,NA,NA,NA,NA,NA,NA,NA,NA,NA
"208","E0","15/01/00","Chelsea","Leicester",1,1,"D",0,1,"A",NA,NA,NA,NA,NA,NA,NA,NA,NA,NA,NA,NA
"209","E0","15/01/00","Coventry","Wimbledon",2,0,"H",0,0,"D",NA,NA,NA,NA,NA,NA,NA,NA,NA,NA,NA,NA
"210","E0","15/01/00","Everton","Tottenham",2,2,"D",1,2,"A",NA,NA,NA,NA,NA,NA,NA,NA,NA,NA,NA,NA
"211","E0","15/01/00","Middlesbrough","Derby",1,4,"A",0,1,"A",NA,NA,NA,NA,NA,NA,NA,NA,NA,NA,NA,NA
"212","E0","15/01/00","Sheffield Weds","Bradford",2,0,"H",0,0,"D",NA,NA,NA,NA,NA,NA,NA,NA,NA,NA,NA,NA
"213","E0","15/01/00","Watford","Liverpool",2,3,"A",1,2,"A",NA,NA,NA,NA,NA,NA,NA,NA,NA,NA,NA,NA
"214","E0","15/01/00","West Ham","Aston Villa",1,1,"D",0,1,"A",NA,NA,NA,NA,NA,NA,NA,NA,NA,NA,NA,NA
"215","E0","16/01/00","Newcastle","Southampton",5,0,"H",4,0,"H",NA,NA,NA,NA,NA,NA,NA,NA,NA,NA,NA,NA
"216","E0","22/01/00","Aston Villa","Chelsea",0,0,"D",0,0,"D",NA,NA,NA,NA,NA,NA,NA,NA,NA,NA,NA,NA
"217","E0","22/01/00","Bradford","Watford",3,2,"H",2,1,"H",NA,NA,NA,NA,NA,NA,NA,NA,NA,NA,NA,NA
"218","E0","22/01/00","Derby","Coventry",0,0,"D",0,0,"D",NA,NA,NA,NA,NA,NA,NA,NA,NA,NA,NA,NA
"219","E0","22/01/00","Leicester","West Ham",1,3,"A",1,2,"A",NA,NA,NA,NA,NA,NA,NA,NA,NA,NA,NA,NA
"220","E0","22/01/00","Liverpool","Middlesbrough",0,0,"D",0,0,"D",NA,NA,NA,NA,NA,NA,NA,NA,NA,NA,NA,NA
"221","E0","22/01/00","Southampton","Everton",2,0,"H",0,0,"D",NA,NA,NA,NA,NA,NA,NA,NA,NA,NA,NA,NA
"222","E0","22/01/00","Tottenham","Sheffield Weds",0,1,"A",0,1,"A",NA,NA,NA,NA,NA,NA,NA,NA,NA,NA,NA,NA
"223","E0","22/01/00","Wimbledon","Newcastle",2,0,"H",0,0,"D",NA,NA,NA,NA,NA,NA,NA,NA,NA,NA,NA,NA
"224","E0","23/01/00","Sunderland","Leeds",1,2,"A",0,1,"A",NA,NA,NA,NA,NA,NA,NA,NA,NA,NA,NA,NA
"225","E0","24/01/00","Man United","Arsenal",1,1,"D",0,1,"A",NA,NA,NA,NA,NA,NA,NA,NA,NA,NA,NA,NA
"226","E0","29/01/00","Man United","Middlesbrough",1,0,"H",0,0,"D",NA,NA,NA,NA,NA,NA,NA,NA,NA,NA,NA,NA
"227","E0","02/02/00","Sheffield Weds","Man United",0,1,"A",0,0,"D",NA,NA,NA,NA,NA,NA,NA,NA,NA,NA,NA,NA
"228","E0","05/02/00","Aston Villa","Watford",4,0,"H",0,0,"D",NA,NA,NA,NA,NA,NA,NA,NA,NA,NA,NA,NA
"229","E0","05/02/00","Bradford","Arsenal",2,1,"H",1,1,"D",NA,NA,NA,NA,NA,NA,NA,NA,NA,NA,NA,NA
"230","E0","05/02/00","Derby","Sheffield Weds",3,3,"D",0,1,"A",NA,NA,NA,NA,NA,NA,NA,NA,NA,NA,NA,NA
"231","E0","05/02/00","Leicester","Middlesbrough",2,1,"H",2,0,"H",NA,NA,NA,NA,NA,NA,NA,NA,NA,NA,NA,NA
"232","E0","05/02/00","Liverpool","Leeds",3,1,"H",1,0,"H",NA,NA,NA,NA,NA,NA,NA,NA,NA,NA,NA,NA
"233","E0","05/02/00","Man United","Coventry",3,2,"H",1,0,"H",NA,NA,NA,NA,NA,NA,NA,NA,NA,NA,NA,NA
"234","E0","05/02/00","Southampton","West Ham",2,1,"H",0,0,"D",NA,NA,NA,NA,NA,NA,NA,NA,NA,NA,NA,NA
"235","E0","05/02/00","Sunderland","Newcastle",2,2,"D",1,2,"A",NA,NA,NA,NA,NA,NA,NA,NA,NA,NA,NA,NA
"236","E0","05/02/00","Tottenham","Chelsea",0,1,"A",0,0,"D",NA,NA,NA,NA,NA,NA,NA,NA,NA,NA,NA,NA
"237","E0","06/02/00","Wimbledon","Everton",0,3,"A",0,0,"D",NA,NA,NA,NA,NA,NA,NA,NA,NA,NA,NA,NA
"238","E0","12/02/00","Chelsea","Wimbledon",3,1,"H",0,0,"D",NA,NA,NA,NA,NA,NA,NA,NA,NA,NA,NA,NA
"239","E0","12/02/00","Coventry","Sunderland",3,2,"H",3,0,"H",NA,NA,NA,NA,NA,NA,NA,NA,NA,NA,NA,NA
"240","E0","12/02/00","Everton","Derby",2,1,"H",2,0,"H",NA,NA,NA,NA,NA,NA,NA,NA,NA,NA,NA,NA
"241","E0","12/02/00","Leeds","Tottenham",1,0,"H",1,0,"H",NA,NA,NA,NA,NA,NA,NA,NA,NA,NA,NA,NA
"242","E0","12/02/00","Newcastle","Man United",3,0,"H",1,0,"H",NA,NA,NA,NA,NA,NA,NA,NA,NA,NA,NA,NA
"243","E0","12/02/00","Sheffield Weds","Southampton",0,1,"A",0,1,"A",NA,NA,NA,NA,NA,NA,NA,NA,NA,NA,NA,NA
"244","E0","12/02/00","Watford","Leicester",1,1,"D",0,1,"A",NA,NA,NA,NA,NA,NA,NA,NA,NA,NA,NA,NA
"245","E0","12/02/00","West Ham","Bradford",5,4,"H",2,2,"D",NA,NA,NA,NA,NA,NA,NA,NA,NA,NA,NA,NA
"246","E0","13/02/00","Arsenal","Liverpool",0,1,"A",0,1,"A",NA,NA,NA,NA,NA,NA,NA,NA,NA,NA,NA,NA
"247","E0","14/02/00","Middlesbrough","Aston Villa",0,4,"A",0,1,"A",NA,NA,NA,NA,NA,NA,NA,NA,NA,NA,NA,NA
"248","E0","19/02/00","Middlesbrough","Coventry",2,0,"H",2,0,"H",NA,NA,NA,NA,NA,NA,NA,NA,NA,NA,NA,NA
"249","E0","20/02/00","Leeds","Man United",0,1,"A",0,0,"D",NA,NA,NA,NA,NA,NA,NA,NA,NA,NA,NA,NA
"250","E0","26/02/00","Arsenal","Southampton",3,1,"H",2,0,"H",NA,NA,NA,NA,NA,NA,NA,NA,NA,NA,NA,NA
"251","E0","26/02/00","Bradford","Aston Villa",1,1,"D",0,1,"A",NA,NA,NA,NA,NA,NA,NA,NA,NA,NA,NA,NA
"252","E0","26/02/00","Chelsea","Watford",2,1,"H",1,1,"D",NA,NA,NA,NA,NA,NA,NA,NA,NA,NA,NA,NA
"253","E0","26/02/00","Coventry","Tottenham",0,1,"A",0,0,"D",NA,NA,NA,NA,NA,NA,NA,NA,NA,NA,NA,NA
"254","E0","26/02/00","Middlesbrough","Leeds",0,0,"D",0,0,"D",NA,NA,NA,NA,NA,NA,NA,NA,NA,NA,NA,NA
"255","E0","26/02/00","Sheffield Weds","Newcastle",0,2,"A",0,1,"A",NA,NA,NA,NA,NA,NA,NA,NA,NA,NA,NA,NA
"256","E0","26/02/00","Sunderland","Derby",1,1,"D",0,0,"D",NA,NA,NA,NA,NA,NA,NA,NA,NA,NA,NA,NA
"257","E0","26/02/00","West Ham","Everton",0,4,"A",0,1,"A",NA,NA,NA,NA,NA,NA,NA,NA,NA,NA,NA,NA
"258","E0","26/02/00","Wimbledon","Man United",2,2,"D",1,1,"D",NA,NA,NA,NA,NA,NA,NA,NA,NA,NA,NA,NA
"259","E0","04/03/00","Derby","Wimbledon",4,0,"H",0,0,"D",NA,NA,NA,NA,NA,NA,NA,NA,NA,NA,NA,NA
"260","E0","04/03/00","Everton","Sheffield Weds",1,1,"D",1,0,"H",NA,NA,NA,NA,NA,NA,NA,NA,NA,NA,NA,NA
"261","E0","04/03/00","Man United","Liverpool",1,1,"D",1,1,"D",NA,NA,NA,NA,NA,NA,NA,NA,NA,NA,NA,NA
"262","E0","04/03/00","Newcastle","Chelsea",0,1,"A",0,1,"A",NA,NA,NA,NA,NA,NA,NA,NA,NA,NA,NA,NA
"263","E0","04/03/00","Southampton","Middlesbrough",1,1,"D",1,1,"D",NA,NA,NA,NA,NA,NA,NA,NA,NA,NA,NA,NA
"264","E0","04/03/00","Tottenham","Bradford",1,1,"D",1,1,"D",NA,NA,NA,NA,NA,NA,NA,NA,NA,NA,NA,NA
"265","E0","04/03/00","Watford","West Ham",1,2,"A",0,2,"A",NA,NA,NA,NA,NA,NA,NA,NA,NA,NA,NA,NA
"266","E0","05/03/00","Aston Villa","Arsenal",1,1,"D",0,0,"D",NA,NA,NA,NA,NA,NA,NA,NA,NA,NA,NA,NA
"267","E0","05/03/00","Leeds","Coventry",3,0,"H",2,0,"H",NA,NA,NA,NA,NA,NA,NA,NA,NA,NA,NA,NA
"268","E0","05/03/00","Leicester","Sunderland",5,2,"H",2,0,"H",NA,NA,NA,NA,NA,NA,NA,NA,NA,NA,NA,NA
"269","E0","08/03/00","West Ham","Southampton",2,0,"H",1,0,"H",NA,NA,NA,NA,NA,NA,NA,NA,NA,NA,NA,NA
"270","E0","11/03/00","Aston Villa","Coventry",1,0,"H",1,0,"H",NA,NA,NA,NA,NA,NA,NA,NA,NA,NA,NA,NA
"271","E0","11/03/00","Chelsea","Everton",1,1,"D",1,0,"H",NA,NA,NA,NA,NA,NA,NA,NA,NA,NA,NA,NA
"272","E0","11/03/00","Liverpool","Sunderland",1,1,"D",1,0,"H",NA,NA,NA,NA,NA,NA,NA,NA,NA,NA,NA,NA
"273","E0","11/03/00","Man United","Derby",3,1,"H",1,0,"H",NA,NA,NA,NA,NA,NA,NA,NA,NA,NA,NA,NA
"274","E0","11/03/00","Newcastle","Watford",1,0,"H",0,0,"D",NA,NA,NA,NA,NA,NA,NA,NA,NA,NA,NA,NA
"275","E0","11/03/00","Sheffield Weds","West Ham",3,1,"H",0,1,"A",NA,NA,NA,NA,NA,NA,NA,NA,NA,NA,NA,NA
"276","E0","11/03/00","Tottenham","Southampton",7,2,"H",4,2,"H",NA,NA,NA,NA,NA,NA,NA,NA,NA,NA,NA,NA
"277","E0","11/03/00","Wimbledon","Leicester",2,1,"H",1,0,"H",NA,NA,NA,NA,NA,NA,NA,NA,NA,NA,NA,NA
"278","E0","12/03/00","Bradford","Leeds",1,2,"A",0,1,"A",NA,NA,NA,NA,NA,NA,NA,NA,NA,NA,NA,NA
"279","E0","12/03/00","Middlesbrough","Arsenal",2,1,"H",0,0,"D",NA,NA,NA,NA,NA,NA,NA,NA,NA,NA,NA,NA
"280","E0","15/03/00","Coventry","Everton",1,0,"H",0,0,"D",NA,NA,NA,NA,NA,NA,NA,NA,NA,NA,NA,NA
"281","E0","15/03/00","Liverpool","Aston Villa",0,0,"D",0,0,"D",NA,NA,NA,NA,NA,NA,NA,NA,NA,NA,NA,NA
"282","E0","18/03/00","Coventry","Bradford",4,0,"H",2,0,"H",NA,NA,NA,NA,NA,NA,NA,NA,NA,NA,NA,NA
"283","E0","18/03/00","Derby","Liverpool",0,2,"A",0,1,"A",NA,NA,NA,NA,NA,NA,NA,NA,NA,NA,NA,NA
"284","E0","18/03/00","Leicester","Man United",0,2,"A",0,1,"A",NA,NA,NA,NA,NA,NA,NA,NA,NA,NA,NA,NA
"285","E0","18/03/00","Southampton","Aston Villa",2,0,"H",1,0,"H",NA,NA,NA,NA,NA,NA,NA,NA,NA,NA,NA,NA
"286","E0","18/03/00","Sunderland","Middlesbrough",1,1,"D",0,0,"D",NA,NA,NA,NA,NA,NA,NA,NA,NA,NA,NA,NA
"287","E0","18/03/00","Watford","Sheffield Weds",1,0,"H",0,0,"D",NA,NA,NA,NA,NA,NA,NA,NA,NA,NA,NA,NA
"288","E0","18/03/00","West Ham","Chelsea",0,0,"D",0,0,"D",NA,NA,NA,NA,NA,NA,NA,NA,NA,NA,NA,NA
"289","E0","19/03/00","Arsenal","Tottenham",2,1,"H",2,1,"H",NA,NA,NA,NA,NA,NA,NA,NA,NA,NA,NA,NA
"290","E0","19/03/00","Everton","Newcastle",0,2,"A",0,0,"D",NA,NA,NA,NA,NA,NA,NA,NA,NA,NA,NA,NA
"291","E0","19/03/00","Leeds","Wimbledon",4,1,"H",3,1,"H",NA,NA,NA,NA,NA,NA,NA,NA,NA,NA,NA,NA
"292","E0","25/03/00","Aston Villa","Derby",2,0,"H",1,0,"H",NA,NA,NA,NA,NA,NA,NA,NA,NA,NA,NA,NA
"293","E0","25/03/00","Bradford","Man United",0,4,"A",0,2,"A",NA,NA,NA,NA,NA,NA,NA,NA,NA,NA,NA,NA
"294","E0","25/03/00","Chelsea","Southampton",1,1,"D",0,0,"D",NA,NA,NA,NA,NA,NA,NA,NA,NA,NA,NA,NA
"295","E0","25/03/00","Liverpool","Newcastle",2,1,"H",0,0,"D",NA,NA,NA,NA,NA,NA,NA,NA,NA,NA,NA,NA
"296","E0","25/03/00","Middlesbrough","Sheffield Weds",1,0,"H",1,0,"H",NA,NA,NA,NA,NA,NA,NA,NA,NA,NA,NA,NA
"297","E0","25/03/00","Sunderland","Everton",2,1,"H",1,1,"D",NA,NA,NA,NA,NA,NA,NA,NA,NA,NA,NA,NA
"298","E0","25/03/00","Watford","Tottenham",1,1,"D",0,0,"D",NA,NA,NA,NA,NA,NA,NA,NA,NA,NA,NA,NA
"299","E0","26/03/00","Arsenal","Coventry",3,0,"H",0,0,"D",NA,NA,NA,NA,NA,NA,NA,NA,NA,NA,NA,NA
"300","E0","26/03/00","Leicester","Leeds",2,1,"H",1,1,"D",NA,NA,NA,NA,NA,NA,NA,NA,NA,NA,NA,NA
"301","E0","26/03/00","West Ham","Wimbledon",2,1,"H",1,0,"H",NA,NA,NA,NA,NA,NA,NA,NA,NA,NA,NA,NA
"302","E0","01/04/00","Coventry","Liverpool",0,3,"A",0,2,"A",NA,NA,NA,NA,NA,NA,NA,NA,NA,NA,NA,NA
"303","E0","01/04/00","Everton","Watford",4,2,"H",3,1,"H",NA,NA,NA,NA,NA,NA,NA,NA,NA,NA,NA,NA
"304","E0","01/04/00","Leeds","Chelsea",0,1,"A",0,0,"D",NA,NA,NA,NA,NA,NA,NA,NA,NA,NA,NA,NA
"305","E0","01/04/00","Man United","West Ham",7,1,"H",3,1,"H",NA,NA,NA,NA,NA,NA,NA,NA,NA,NA,NA,NA
"306","E0","01/04/00","Newcastle","Bradford",2,0,"H",1,0,"H",NA,NA,NA,NA,NA,NA,NA,NA,NA,NA,NA,NA
"307","E0","01/04/00","Southampton","Sunderland",1,2,"A",0,1,"A",NA,NA,NA,NA,NA,NA,NA,NA,NA,NA,NA,NA
"308","E0","01/04/00","Wimbledon","Arsenal",1,3,"A",1,2,"A",NA,NA,NA,NA,NA,NA,NA,NA,NA,NA,NA,NA
"309","E0","02/04/00","Derby","Leicester",3,0,"H",3,0,"H",NA,NA,NA,NA,NA,NA,NA,NA,NA,NA,NA,NA
"310","E0","03/04/00","Tottenham","Middlesbrough",2,3,"A",1,1,"D",NA,NA,NA,NA,NA,NA,NA,NA,NA,NA,NA,NA
"311","E0","05/04/00","Sheffield Weds","Aston Villa",0,1,"A",0,0,"D",NA,NA,NA,NA,NA,NA,NA,NA,NA,NA,NA,NA
"312","E0","08/04/00","Bradford","Southampton",1,2,"A",0,0,"D",NA,NA,NA,NA,NA,NA,NA,NA,NA,NA,NA,NA
"313","E0","08/04/00","Leicester","Everton",1,1,"D",1,1,"D",NA,NA,NA,NA,NA,NA,NA,NA,NA,NA,NA,NA
"314","E0","08/04/00","Sunderland","Wimbledon",2,1,"H",0,0,"D",NA,NA,NA,NA,NA,NA,NA,NA,NA,NA,NA,NA
"315","E0","08/04/00","Watford","Derby",0,0,"D",0,0,"D",NA,NA,NA,NA,NA,NA,NA,NA,NA,NA,NA,NA
"316","E0","09/04/00","Aston Villa","Leeds",1,0,"H",1,0,"H",NA,NA,NA,NA,NA,NA,NA,NA,NA,NA,NA,NA
"317","E0","09/04/00","Liverpool","Tottenham",2,0,"H",1,0,"H",NA,NA,NA,NA,NA,NA,NA,NA,NA,NA,NA,NA
"318","E0","10/04/00","Middlesbrough","Man United",3,4,"A",1,0,"H",NA,NA,NA,NA,NA,NA,NA,NA,NA,NA,NA,NA
"319","E0","12/04/00","Chelsea","Coventry",2,1,"H",0,1,"A",NA,NA,NA,NA,NA,NA,NA,NA,NA,NA,NA,NA
"320","E0","12/04/00","West Ham","Newcastle",2,1,"H",0,0,"D",NA,NA,NA,NA,NA,NA,NA,NA,NA,NA,NA,NA
"321","E0","12/04/00","Wimbledon","Sheffield Weds",0,2,"A",0,1,"A",NA,NA,NA,NA,NA,NA,NA,NA,NA,NA,NA,NA
"322","E0","15/04/00","Coventry","Middlesbrough",2,1,"H",1,0,"H",NA,NA,NA,NA,NA,NA,NA,NA,NA,NA,NA,NA
"323","E0","15/04/00","Derby","West Ham",1,2,"A",0,2,"A",NA,NA,NA,NA,NA,NA,NA,NA,NA,NA,NA,NA
"324","E0","15/04/00","Everton","Bradford",4,0,"H",2,0,"H",NA,NA,NA,NA,NA,NA,NA,NA,NA,NA,NA,NA
"325","E0","15/04/00","Man United","Sunderland",4,0,"H",1,0,"H",NA,NA,NA,NA,NA,NA,NA,NA,NA,NA,NA,NA
"326","E0","15/04/00","Newcastle","Leicester",0,2,"A",0,1,"A",NA,NA,NA,NA,NA,NA,NA,NA,NA,NA,NA,NA
"327","E0","15/04/00","Sheffield Weds","Chelsea",1,0,"H",0,0,"D",NA,NA,NA,NA,NA,NA,NA,NA,NA,NA,NA,NA
"328","E0","15/04/00","Southampton","Watford",2,0,"H",1,0,"H",NA,NA,NA,NA,NA,NA,NA,NA,NA,NA,NA,NA
"329","E0","15/04/00","Tottenham","Aston Villa",2,4,"A",1,0,"H",NA,NA,NA,NA,NA,NA,NA,NA,NA,NA,NA,NA
"330","E0","16/04/00","Leeds","Arsenal",0,4,"A",0,1,"A",NA,NA,NA,NA,NA,NA,NA,NA,NA,NA,NA,NA
"331","E0","16/04/00","Wimbledon","Liverpool",1,2,"A",0,1,"A",NA,NA,NA,NA,NA,NA,NA,NA,NA,NA,NA,NA
"332","E0","19/04/00","Leicester","Tottenham",0,1,"A",0,0,"D",NA,NA,NA,NA,NA,NA,NA,NA,NA,NA,NA,NA
"333","E0","21/04/00","Bradford","Derby",4,4,"D",4,3,"H",NA,NA,NA,NA,NA,NA,NA,NA,NA,NA,NA,NA
"334","E0","21/04/00","Everton","Liverpool",0,0,"D",0,0,"D",NA,NA,NA,NA,NA,NA,NA,NA,NA,NA,NA,NA
"335","E0","22/04/00","Aston Villa","Leicester",2,2,"D",1,1,"D",NA,NA,NA,NA,NA,NA,NA,NA,NA,NA,NA,NA
"336","E0","22/04/00","Chelsea","Middlesbrough",1,1,"D",1,1,"D",NA,NA,NA,NA,NA,NA,NA,NA,NA,NA,NA,NA
"337","E0","22/04/00","Sheffield Weds","Sunderland",0,2,"A",0,0,"D",NA,NA,NA,NA,NA,NA,NA,NA,NA,NA,NA,NA
"338","E0","22/04/00","Southampton","Man United",1,3,"A",0,3,"A",NA,NA,NA,NA,NA,NA,NA,NA,NA,NA,NA,NA
"339","E0","22/04/00","Tottenham","Wimbledon",2,0,"H",2,0,"H",NA,NA,NA,NA,NA,NA,NA,NA,NA,NA,NA,NA
"340","E0","22/04/00","West Ham","Coventry",5,0,"H",2,0,"H",NA,NA,NA,NA,NA,NA,NA,NA,NA,NA,NA,NA
"341","E0","23/04/00","Newcastle","Leeds",2,2,"D",1,2,"A",NA,NA,NA,NA,NA,NA,NA,NA,NA,NA,NA,NA
"342","E0","23/04/00","Watford","Arsenal",2,3,"A",0,3,"A",NA,NA,NA,NA,NA,NA,NA,NA,NA,NA,NA,NA
"343","E0","24/04/00","Derby","Southampton",2,0,"H",2,0,"H",NA,NA,NA,NA,NA,NA,NA,NA,NA,NA,NA,NA
"344","E0","24/04/00","Man United","Chelsea",3,2,"H",2,2,"D",NA,NA,NA,NA,NA,NA,NA,NA,NA,NA,NA,NA
"345","E0","24/04/00","Sunderland","Bradford",0,1,"A",0,0,"D",NA,NA,NA,NA,NA,NA,NA,NA,NA,NA,NA,NA
"346","E0","29/04/00","Aston Villa","Sunderland",1,1,"D",0,0,"D",NA,NA,NA,NA,NA,NA,NA,NA,NA,NA,NA,NA
"347","E0","29/04/00","Chelsea","Liverpool",2,0,"H",2,0,"H",NA,NA,NA,NA,NA,NA,NA,NA,NA,NA,NA,NA
"348","E0","29/04/00","Everton","Arsenal",0,1,"A",0,1,"A",NA,NA,NA,NA,NA,NA,NA,NA,NA,NA,NA,NA
"349","E0","29/04/00","Newcastle","Coventry",2,0,"H",0,0,"D",NA,NA,NA,NA,NA,NA,NA,NA,NA,NA,NA,NA
"350","E0","29/04/00","Southampton","Leicester",1,2,"A",1,1,"D",NA,NA,NA,NA,NA,NA,NA,NA,NA,NA,NA,NA
"351","E0","29/04/00","Tottenham","Derby",1,1,"D",0,0,"D",NA,NA,NA,NA,NA,NA,NA,NA,NA,NA,NA,NA
"352","E0","29/04/00","Watford","Man United",2,3,"A",1,0,"H",NA,NA,NA,NA,NA,NA,NA,NA,NA,NA,NA,NA
"353","E0","29/04/00","West Ham","Middlesbrough",0,1,"A",0,0,"D",NA,NA,NA,NA,NA,NA,NA,NA,NA,NA,NA,NA
"354","E0","30/04/00","Bradford","Wimbledon",3,0,"H",1,0,"H",NA,NA,NA,NA,NA,NA,NA,NA,NA,NA,NA,NA
"355","E0","30/04/00","Sheffield Weds","Leeds",0,3,"A",0,1,"A",NA,NA,NA,NA,NA,NA,NA,NA,NA,NA,NA,NA
"356","E0","02/05/00","Arsenal","West Ham",2,1,"H",0,1,"A",NA,NA,NA,NA,NA,NA,NA,NA,NA,NA,NA,NA
"357","E0","02/05/00","Middlesbrough","Newcastle",2,2,"D",1,2,"A",NA,NA,NA,NA,NA,NA,NA,NA,NA,NA,NA,NA
"358","E0","03/05/00","Leeds","Watford",3,1,"H",2,1,"H",NA,NA,NA,NA,NA,NA,NA,NA,NA,NA,NA,NA
"359","E0","03/05/00","Liverpool","Leicester",0,2,"A",0,1,"A",NA,NA,NA,NA,NA,NA,NA,NA,NA,NA,NA,NA
"360","E0","06/05/00","Arsenal","Chelsea",2,1,"H",1,0,"H",NA,NA,NA,NA,NA,NA,NA,NA,NA,NA,NA,NA
"361","E0","06/05/00","Coventry","Sheffield Weds",4,1,"H",1,0,"H",NA,NA,NA,NA,NA,NA,NA,NA,NA,NA,NA,NA
"362","E0","06/05/00","Derby","Newcastle",0,0,"D",0,0,"D",NA,NA,NA,NA,NA,NA,NA,NA,NA,NA,NA,NA
"363","E0","06/05/00","Leicester","Bradford",3,0,"H",0,0,"D",NA,NA,NA,NA,NA,NA,NA,NA,NA,NA,NA,NA
"364","E0","06/05/00","Man United","Tottenham",3,1,"H",3,1,"H",NA,NA,NA,NA,NA,NA,NA,NA,NA,NA,NA,NA
"365","E0","06/05/00","Middlesbrough","Watford",1,1,"D",1,0,"H",NA,NA,NA,NA,NA,NA,NA,NA,NA,NA,NA,NA
"366","E0","06/05/00","Sunderland","West Ham",1,0,"H",1,0,"H",NA,NA,NA,NA,NA,NA,NA,NA,NA,NA,NA,NA
"367","E0","06/05/00","Wimbledon","Aston Villa",2,2,"D",1,0,"H",NA,NA,NA,NA,NA,NA,NA,NA,NA,NA,NA,NA
"368","E0","07/05/00","Liverpool","Southampton",0,0,"D",0,0,"D",NA,NA,NA,NA,NA,NA,NA,NA,NA,NA,NA,NA
"369","E0","08/05/00","Leeds","Everton",1,1,"D",1,0,"H",NA,NA,NA,NA,NA,NA,NA,NA,NA,NA,NA,NA
"370","E0","09/05/00","Arsenal","Sheffield Weds",3,3,"D",1,0,"H",NA,NA,NA,NA,NA,NA,NA,NA,NA,NA,NA,NA
"371","E0","14/05/00","Aston Villa","Man United",0,1,"A",0,0,"D",NA,NA,NA,NA,NA,NA,NA,NA,NA,NA,NA,NA
"372","E0","14/05/00","Bradford","Liverpool",1,0,"H",1,0,"H",NA,NA,NA,NA,NA,NA,NA,NA,NA,NA,NA,NA
"373","E0","14/05/00","Chelsea","Derby",4,0,"H",0,0,"D",NA,NA,NA,NA,NA,NA,NA,NA,NA,NA,NA,NA
"374","E0","14/05/00","Everton","Middlesbrough",0,2,"A",0,1,"A",NA,NA,NA,NA,NA,NA,NA,NA,NA,NA,NA,NA
"375","E0","14/05/00","Newcastle","Arsenal",4,2,"H",2,1,"H",NA,NA,NA,NA,NA,NA,NA,NA,NA,NA,NA,NA
"376","E0","14/05/00","Sheffield Weds","Leicester",4,0,"H",2,0,"H",NA,NA,NA,NA,NA,NA,NA,NA,NA,NA,NA,NA
"377","E0","14/05/00","Southampton","Wimbledon",2,0,"H",0,0,"D",NA,NA,NA,NA,NA,NA,NA,NA,NA,NA,NA,NA
"378","E0","14/05/00","Tottenham","Sunderland",3,1,"H",1,1,"D",NA,NA,NA,NA,NA,NA,NA,NA,NA,NA,NA,NA
"379","E0","14/05/00","Watford","Coventry",1,0,"H",1,0,"H",NA,NA,NA,NA,NA,NA,NA,NA,NA,NA,NA,NA
"380","E0","14/05/00","West Ham","Leeds",0,0,"D",0,0,"D",NA,NA,NA,NA,NA,NA,NA,NA,NA,NA,NA,NA
"381","","","","",NA,NA,"",NA,NA,"",NA,NA,NA,NA,NA,NA,NA,NA,NA,NA,NA,NA
"382","","","","",NA,NA,"",NA,NA,"",NA,NA,NA,NA,NA,NA,NA,NA,NA,NA,NA,NA
"383","","","","",NA,NA,"",NA,NA,"",NA,NA,NA,NA,NA,NA,NA,NA,NA,NA,NA,NA
"384","","","","",NA,NA,"",NA,NA,"",NA,NA,NA,NA,NA,NA,NA,NA,NA,NA,NA,NA
"385","","","","",NA,NA,"",NA,NA,"",NA,NA,NA,NA,NA,NA,NA,NA,NA,NA,NA,NA
"386","","","","",NA,NA,"",NA,NA,"",NA,NA,NA,NA,NA,NA,NA,NA,NA,NA,NA,NA
"387","","","","",NA,NA,"",NA,NA,"",NA,NA,NA,NA,NA,NA,NA,NA,NA,NA,NA,NA
"388","","","","",NA,NA,"",NA,NA,"",NA,NA,NA,NA,NA,NA,NA,NA,NA,NA,NA,NA
"389","","","","",NA,NA,"",NA,NA,"",NA,NA,NA,NA,NA,NA,NA,NA,NA,NA,NA,NA
"390","","","","",NA,NA,"",NA,NA,"",NA,NA,NA,NA,NA,NA,NA,NA,NA,NA,NA,NA
"391","","","","",NA,NA,"",NA,NA,"",NA,NA,NA,NA,NA,NA,NA,NA,NA,NA,NA,NA
"392","","","","",NA,NA,"",NA,NA,"",NA,NA,NA,NA,NA,NA,NA,NA,NA,NA,NA,NA
"393","","","","",NA,NA,"",NA,NA,"",NA,NA,NA,NA,NA,NA,NA,NA,NA,NA,NA,NA
"394","","","","",NA,NA,"",NA,NA,"",NA,NA,NA,NA,NA,NA,NA,NA,NA,NA,NA,NA
"395","","","","",NA,NA,"",NA,NA,"",NA,NA,NA,NA,NA,NA,NA,NA,NA,NA,NA,NA
"396","","","","",NA,NA,"",NA,NA,"",NA,NA,NA,NA,NA,NA,NA,NA,NA,NA,NA,NA
"397","","","","",NA,NA,"",NA,NA,"",NA,NA,NA,NA,NA,NA,NA,NA,NA,NA,NA,NA
"398","","","","",NA,NA,"",NA,NA,"",NA,NA,NA,NA,NA,NA,NA,NA,NA,NA,NA,NA
"399","","","","",NA,NA,"",NA,NA,"",NA,NA,NA,NA,NA,NA,NA,NA,NA,NA,NA,NA
"400","","","","",NA,NA,"",NA,NA,"",NA,NA,NA,NA,NA,NA,NA,NA,NA,NA,NA,NA
"401","","","","",NA,NA,"",NA,NA,"",NA,NA,NA,NA,NA,NA,NA,NA,NA,NA,NA,NA
"402","","","","",NA,NA,"",NA,NA,"",NA,NA,NA,NA,NA,NA,NA,NA,NA,NA,NA,NA
"403","","","","",NA,NA,"",NA,NA,"",NA,NA,NA,NA,NA,NA,NA,NA,NA,NA,NA,NA
"404","","","","",NA,NA,"",NA,NA,"",NA,NA,NA,NA,NA,NA,NA,NA,NA,NA,NA,NA
"405","","","","",NA,NA,"",NA,NA,"",NA,NA,NA,NA,NA,NA,NA,NA,NA,NA,NA,NA
"406","","","","",NA,NA,"",NA,NA,"",NA,NA,NA,NA,NA,NA,NA,NA,NA,NA,NA,NA
"407","","","","",NA,NA,"",NA,NA,"",NA,NA,NA,NA,NA,NA,NA,NA,NA,NA,NA,NA
"408","","","","",NA,NA,"",NA,NA,"",NA,NA,NA,NA,NA,NA,NA,NA,NA,NA,NA,NA
"409","","","","",NA,NA,"",NA,NA,"",NA,NA,NA,NA,NA,NA,NA,NA,NA,NA,NA,NA
"410","","","","",NA,NA,"",NA,NA,"",NA,NA,NA,NA,NA,NA,NA,NA,NA,NA,NA,NA
"411","","","","",NA,NA,"",NA,NA,"",NA,NA,NA,NA,NA,NA,NA,NA,NA,NA,NA,NA
"412","","","","",NA,NA,"",NA,NA,"",NA,NA,NA,NA,NA,NA,NA,NA,NA,NA,NA,NA
"413","","","","",NA,NA,"",NA,NA,"",NA,NA,NA,NA,NA,NA,NA,NA,NA,NA,NA,NA
"414","","","","",NA,NA,"",NA,NA,"",NA,NA,NA,NA,NA,NA,NA,NA,NA,NA,NA,NA
"415","","","","",NA,NA,"",NA,NA,"",NA,NA,NA,NA,NA,NA,NA,NA,NA,NA,NA,NA
"416","","","","",NA,NA,"",NA,NA,"",NA,NA,NA,NA,NA,NA,NA,NA,NA,NA,NA,NA
"417","","","","",NA,NA,"",NA,NA,"",NA,NA,NA,NA,NA,NA,NA,NA,NA,NA,NA,NA
"418","","","","",NA,NA,"",NA,NA,"",NA,NA,NA,NA,NA,NA,NA,NA,NA,NA,NA,NA
"419","","","","",NA,NA,"",NA,NA,"",NA,NA,NA,NA,NA,NA,NA,NA,NA,NA,NA,NA
"420","","","","",NA,NA,"",NA,NA,"",NA,NA,NA,NA,NA,NA,NA,NA,NA,NA,NA,NA
"421","","","","",NA,NA,"",NA,NA,"",NA,NA,NA,NA,NA,NA,NA,NA,NA,NA,NA,NA
"422","","","","",NA,NA,"",NA,NA,"",NA,NA,NA,NA,NA,NA,NA,NA,NA,NA,NA,NA
"423","","","","",NA,NA,"",NA,NA,"",NA,NA,NA,NA,NA,NA,NA,NA,NA,NA,NA,NA
"424","","","","",NA,NA,"",NA,NA,"",NA,NA,NA,NA,NA,NA,NA,NA,NA,NA,NA,NA
"425","","","","",NA,NA,"",NA,NA,"",NA,NA,NA,NA,NA,NA,NA,NA,NA,NA,NA,NA
"426","","","","",NA,NA,"",NA,NA,"",NA,NA,NA,NA,NA,NA,NA,NA,NA,NA,NA,NA
"427","","","","",NA,NA,"",NA,NA,"",NA,NA,NA,NA,NA,NA,NA,NA,NA,NA,NA,NA
"428","","","","",NA,NA,"",NA,NA,"",NA,NA,NA,NA,NA,NA,NA,NA,NA,NA,NA,NA
"429","","","","",NA,NA,"",NA,NA,"",NA,NA,NA,NA,NA,NA,NA,NA,NA,NA,NA,NA
"430","","","","",NA,NA,"",NA,NA,"",NA,NA,NA,NA,NA,NA,NA,NA,NA,NA,NA,NA
"431","","","","",NA,NA,"",NA,NA,"",NA,NA,NA,NA,NA,NA,NA,NA,NA,NA,NA,NA
"432","","","","",NA,NA,"",NA,NA,"",NA,NA,NA,NA,NA,NA,NA,NA,NA,NA,NA,NA
"433","","","","",NA,NA,"",NA,NA,"",NA,NA,NA,NA,NA,NA,NA,NA,NA,NA,NA,NA
"434","","","","",NA,NA,"",NA,NA,"",NA,NA,NA,NA,NA,NA,NA,NA,NA,NA,NA,NA
"435","","","","",NA,NA,"",NA,NA,"",NA,NA,NA,NA,NA,NA,NA,NA,NA,NA,NA,NA
"436","","","","",NA,NA,"",NA,NA,"",NA,NA,NA,NA,NA,NA,NA,NA,NA,NA,NA,NA
"437","","","","",NA,NA,"",NA,NA,"",NA,NA,NA,NA,NA,NA,NA,NA,NA,NA,NA,NA
"438","","","","",NA,NA,"",NA,NA,"",NA,NA,NA,NA,NA,NA,NA,NA,NA,NA,NA,NA
"439","","","","",NA,NA,"",NA,NA,"",NA,NA,NA,NA,NA,NA,NA,NA,NA,NA,NA,NA
"440","","","","",NA,NA,"",NA,NA,"",NA,NA,NA,NA,NA,NA,NA,NA,NA,NA,NA,NA
"441","","","","",NA,NA,"",NA,NA,"",NA,NA,NA,NA,NA,NA,NA,NA,NA,NA,NA,NA
"442","","","","",NA,NA,"",NA,NA,"",NA,NA,NA,NA,NA,NA,NA,NA,NA,NA,NA,NA
"443","","","","",NA,NA,"",NA,NA,"",NA,NA,NA,NA,NA,NA,NA,NA,NA,NA,NA,NA
"444","","","","",NA,NA,"",NA,NA,"",NA,NA,NA,NA,NA,NA,NA,NA,NA,NA,NA,NA
"445","","","","",NA,NA,"",NA,NA,"",NA,NA,NA,NA,NA,NA,NA,NA,NA,NA,NA,NA
"446","","","","",NA,NA,"",NA,NA,"",NA,NA,NA,NA,NA,NA,NA,NA,NA,NA,NA,NA
"447","","","","",NA,NA,"",NA,NA,"",NA,NA,NA,NA,NA,NA,NA,NA,NA,NA,NA,NA
"448","","","","",NA,NA,"",NA,NA,"",NA,NA,NA,NA,NA,NA,NA,NA,NA,NA,NA,NA
"449","","","","",NA,NA,"",NA,NA,"",NA,NA,NA,NA,NA,NA,NA,NA,NA,NA,NA,NA
"450","","","","",NA,NA,"",NA,NA,"",NA,NA,NA,NA,NA,NA,NA,NA,NA,NA,NA,NA
"451","","","","",NA,NA,"",NA,NA,"",NA,NA,NA,NA,NA,NA,NA,NA,NA,NA,NA,NA
"452","","","","",NA,NA,"",NA,NA,"",NA,NA,NA,NA,NA,NA,NA,NA,NA,NA,NA,NA
"453","","","","",NA,NA,"",NA,NA,"",NA,NA,NA,NA,NA,NA,NA,NA,NA,NA,NA,NA
"454","","","","",NA,NA,"",NA,NA,"",NA,NA,NA,NA,NA,NA,NA,NA,NA,NA,NA,NA
"455","","","","",NA,NA,"",NA,NA,"",NA,NA,NA,NA,NA,NA,NA,NA,NA,NA,NA,NA
"456","","","","",NA,NA,"",NA,NA,"",NA,NA,NA,NA,NA,NA,NA,NA,NA,NA,NA,NA
"457","","","","",NA,NA,"",NA,NA,"",NA,NA,NA,NA,NA,NA,NA,NA,NA,NA,NA,NA
"458","","","","",NA,NA,"",NA,NA,"",NA,NA,NA,NA,NA,NA,NA,NA,NA,NA,NA,NA
"459","","","","",NA,NA,"",NA,NA,"",NA,NA,NA,NA,NA,NA,NA,NA,NA,NA,NA,NA
"460","","","","",NA,NA,"",NA,NA,"",NA,NA,NA,NA,NA,NA,NA,NA,NA,NA,NA,NA
"461","","","","",NA,NA,"",NA,NA,"",NA,NA,NA,NA,NA,NA,NA,NA,NA,NA,NA,NA
"462","","","","",NA,NA,"",NA,NA,"",NA,NA,NA,NA,NA,NA,NA,NA,NA,NA,NA,NA
"463","","","","",NA,NA,"",NA,NA,"",NA,NA,NA,NA,NA,NA,NA,NA,NA,NA,NA,NA
"464","","","","",NA,NA,"",NA,NA,"",NA,NA,NA,NA,NA,NA,NA,NA,NA,NA,NA,NA
"465","","","","",NA,NA,"",NA,NA,"",NA,NA,NA,NA,NA,NA,NA,NA,NA,NA,NA,NA
"466","","","","",NA,NA,"",NA,NA,"",NA,NA,NA,NA,NA,NA,NA,NA,NA,NA,NA,NA
"467","","","","",NA,NA,"",NA,NA,"",NA,NA,NA,NA,NA,NA,NA,NA,NA,NA,NA,NA
"468","","","","",NA,NA,"",NA,NA,"",NA,NA,NA,NA,NA,NA,NA,NA,NA,NA,NA,NA
"469","","","","",NA,NA,"",NA,NA,"",NA,NA,NA,NA,NA,NA,NA,NA,NA,NA,NA,NA
"470","","","","",NA,NA,"",NA,NA,"",NA,NA,NA,NA,NA,NA,NA,NA,NA,NA,NA,NA
"471","","","","",NA,NA,"",NA,NA,"",NA,NA,NA,NA,NA,NA,NA,NA,NA,NA,NA,NA
"472","","","","",NA,NA,"",NA,NA,"",NA,NA,NA,NA,NA,NA,NA,NA,NA,NA,NA,NA
"473","","","","",NA,NA,"",NA,NA,"",NA,NA,NA,NA,NA,NA,NA,NA,NA,NA,NA,NA
"474","","","","",NA,NA,"",NA,NA,"",NA,NA,NA,NA,NA,NA,NA,NA,NA,NA,NA,NA
"475","","","","",NA,NA,"",NA,NA,"",NA,NA,NA,NA,NA,NA,NA,NA,NA,NA,NA,NA
"476","","","","",NA,NA,"",NA,NA,"",NA,NA,NA,NA,NA,NA,NA,NA,NA,NA,NA,NA
"477","","","","",NA,NA,"",NA,NA,"",NA,NA,NA,NA,NA,NA,NA,NA,NA,NA,NA,NA
"478","","","","",NA,NA,"",NA,NA,"",NA,NA,NA,NA,NA,NA,NA,NA,NA,NA,NA,NA
"479","","","","",NA,NA,"",NA,NA,"",NA,NA,NA,NA,NA,NA,NA,NA,NA,NA,NA,NA
"480","","","","",NA,NA,"",NA,NA,"",NA,NA,NA,NA,NA,NA,NA,NA,NA,NA,NA,NA
"481","","","","",NA,NA,"",NA,NA,"",NA,NA,NA,NA,NA,NA,NA,NA,NA,NA,NA,NA
"482","","","","",NA,NA,"",NA,NA,"",NA,NA,NA,NA,NA,NA,NA,NA,NA,NA,NA,NA
"483","","","","",NA,NA,"",NA,NA,"",NA,NA,NA,NA,NA,NA,NA,NA,NA,NA,NA,NA
"484","","","","",NA,NA,"",NA,NA,"",NA,NA,NA,NA,NA,NA,NA,NA,NA,NA,NA,NA
"485","","","","",NA,NA,"",NA,NA,"",NA,NA,NA,NA,NA,NA,NA,NA,NA,NA,NA,NA
"486","","","","",NA,NA,"",NA,NA,"",NA,NA,NA,NA,NA,NA,NA,NA,NA,NA,NA,NA
"487","","","","",NA,NA,"",NA,NA,"",NA,NA,NA,NA,NA,NA,NA,NA,NA,NA,NA,NA
"488","","","","",NA,NA,"",NA,NA,"",NA,NA,NA,NA,NA,NA,NA,NA,NA,NA,NA,NA
"489","","","","",NA,NA,"",NA,NA,"",NA,NA,NA,NA,NA,NA,NA,NA,NA,NA,NA,NA
"490","","","","",NA,NA,"",NA,NA,"",NA,NA,NA,NA,NA,NA,NA,NA,NA,NA,NA,NA
"491","","","","",NA,NA,"",NA,NA,"",NA,NA,NA,NA,NA,NA,NA,NA,NA,NA,NA,NA
"492","","","","",NA,NA,"",NA,NA,"",NA,NA,NA,NA,NA,NA,NA,NA,NA,NA,NA,NA
"493","","","","",NA,NA,"",NA,NA,"",NA,NA,NA,NA,NA,NA,NA,NA,NA,NA,NA,NA
"494","","","","",NA,NA,"",NA,NA,"",NA,NA,NA,NA,NA,NA,NA,NA,NA,NA,NA,NA
"495","","","","",NA,NA,"",NA,NA,"",NA,NA,NA,NA,NA,NA,NA,NA,NA,NA,NA,NA
"496","","","","",NA,NA,"",NA,NA,"",NA,NA,NA,NA,NA,NA,NA,NA,NA,NA,NA,NA
"497","","","","",NA,NA,"",NA,NA,"",NA,NA,NA,NA,NA,NA,NA,NA,NA,NA,NA,NA
"498","","","","",NA,NA,"",NA,NA,"",NA,NA,NA,NA,NA,NA,NA,NA,NA,NA,NA,NA
"499","","","","",NA,NA,"",NA,NA,"",NA,NA,NA,NA,NA,NA,NA,NA,NA,NA,NA,NA
"500","","","","",NA,NA,"",NA,NA,"",NA,NA,NA,NA,NA,NA,NA,NA,NA,NA,NA,NA
"501","","","","",NA,NA,"",NA,NA,"",NA,NA,NA,NA,NA,NA,NA,NA,NA,NA,NA,NA
"502","","","","",NA,NA,"",NA,NA,"",NA,NA,NA,NA,NA,NA,NA,NA,NA,NA,NA,NA
"503","","","","",NA,NA,"",NA,NA,"",NA,NA,NA,NA,NA,NA,NA,NA,NA,NA,NA,NA
"504","","","","",NA,NA,"",NA,NA,"",NA,NA,NA,NA,NA,NA,NA,NA,NA,NA,NA,NA
"505","","","","",NA,NA,"",NA,NA,"",NA,NA,NA,NA,NA,NA,NA,NA,NA,NA,NA,NA
"506","","","","",NA,NA,"",NA,NA,"",NA,NA,NA,NA,NA,NA,NA,NA,NA,NA,NA,NA
"507","","","","",NA,NA,"",NA,NA,"",NA,NA,NA,NA,NA,NA,NA,NA,NA,NA,NA,NA
"508","","","","",NA,NA,"",NA,NA,"",NA,NA,NA,NA,NA,NA,NA,NA,NA,NA,NA,NA
"509","","","","",NA,NA,"",NA,NA,"",NA,NA,NA,NA,NA,NA,NA,NA,NA,NA,NA,NA
"510","","","","",NA,NA,"",NA,NA,"",NA,NA,NA,NA,NA,NA,NA,NA,NA,NA,NA,NA
"511","","","","",NA,NA,"",NA,NA,"",NA,NA,NA,NA,NA,NA,NA,NA,NA,NA,NA,NA
"512","","","","",NA,NA,"",NA,NA,"",NA,NA,NA,NA,NA,NA,NA,NA,NA,NA,NA,NA
"513","","","","",NA,NA,"",NA,NA,"",NA,NA,NA,NA,NA,NA,NA,NA,NA,NA,NA,NA
"514","","","","",NA,NA,"",NA,NA,"",NA,NA,NA,NA,NA,NA,NA,NA,NA,NA,NA,NA
"515","","","","",NA,NA,"",NA,NA,"",NA,NA,NA,NA,NA,NA,NA,NA,NA,NA,NA,NA
"516","","","","",NA,NA,"",NA,NA,"",NA,NA,NA,NA,NA,NA,NA,NA,NA,NA,NA,NA
"517","","","","",NA,NA,"",NA,NA,"",NA,NA,NA,NA,NA,NA,NA,NA,NA,NA,NA,NA
"518","","","","",NA,NA,"",NA,NA,"",NA,NA,NA,NA,NA,NA,NA,NA,NA,NA,NA,NA
"519","","","","",NA,NA,"",NA,NA,"",NA,NA,NA,NA,NA,NA,NA,NA,NA,NA,NA,NA
"520","","","","",NA,NA,"",NA,NA,"",NA,NA,NA,NA,NA,NA,NA,NA,NA,NA,NA,NA
"521","","","","",NA,NA,"",NA,NA,"",NA,NA,NA,NA,NA,NA,NA,NA,NA,NA,NA,NA
"522","","","","",NA,NA,"",NA,NA,"",NA,NA,NA,NA,NA,NA,NA,NA,NA,NA,NA,NA
"523","","","","",NA,NA,"",NA,NA,"",NA,NA,NA,NA,NA,NA,NA,NA,NA,NA,NA,NA
"524","","","","",NA,NA,"",NA,NA,"",NA,NA,NA,NA,NA,NA,NA,NA,NA,NA,NA,NA
"525","","","","",NA,NA,"",NA,NA,"",NA,NA,NA,NA,NA,NA,NA,NA,NA,NA,NA,NA
"526","","","","",NA,NA,"",NA,NA,"",NA,NA,NA,NA,NA,NA,NA,NA,NA,NA,NA,NA
"527","","","","",NA,NA,"",NA,NA,"",NA,NA,NA,NA,NA,NA,NA,NA,NA,NA,NA,NA
"528","","","","",NA,NA,"",NA,NA,"",NA,NA,NA,NA,NA,NA,NA,NA,NA,NA,NA,NA
"529","","","","",NA,NA,"",NA,NA,"",NA,NA,NA,NA,NA,NA,NA,NA,NA,NA,NA,NA
"530","","","","",NA,NA,"",NA,NA,"",NA,NA,NA,NA,NA,NA,NA,NA,NA,NA,NA,NA
"531","","","","",NA,NA,"",NA,NA,"",NA,NA,NA,NA,NA,NA,NA,NA,NA,NA,NA,NA
"532","","","","",NA,NA,"",NA,NA,"",NA,NA,NA,NA,NA,NA,NA,NA,NA,NA,NA,NA
"533","","","","",NA,NA,"",NA,NA,"",NA,NA,NA,NA,NA,NA,NA,NA,NA,NA,NA,NA
"534","","","","",NA,NA,"",NA,NA,"",NA,NA,NA,NA,NA,NA,NA,NA,NA,NA,NA,NA
"535","","","","",NA,NA,"",NA,NA,"",NA,NA,NA,NA,NA,NA,NA,NA,NA,NA,NA,NA
"536","","","","",NA,NA,"",NA,NA,"",NA,NA,NA,NA,NA,NA,NA,NA,NA,NA,NA,NA
"537","","","","",NA,NA,"",NA,NA,"",NA,NA,NA,NA,NA,NA,NA,NA,NA,NA,NA,NA
"538","","","","",NA,NA,"",NA,NA,"",NA,NA,NA,NA,NA,NA,NA,NA,NA,NA,NA,NA
"539","","","","",NA,NA,"",NA,NA,"",NA,NA,NA,NA,NA,NA,NA,NA,NA,NA,NA,NA
"540","","","","",NA,NA,"",NA,NA,"",NA,NA,NA,NA,NA,NA,NA,NA,NA,NA,NA,NA
"541","","","","",NA,NA,"",NA,NA,"",NA,NA,NA,NA,NA,NA,NA,NA,NA,NA,NA,NA
"542","","","","",NA,NA,"",NA,NA,"",NA,NA,NA,NA,NA,NA,NA,NA,NA,NA,NA,NA
"543","","","","",NA,NA,"",NA,NA,"",NA,NA,NA,NA,NA,NA,NA,NA,NA,NA,NA,NA
"544","","","","",NA,NA,"",NA,NA,"",NA,NA,NA,NA,NA,NA,NA,NA,NA,NA,NA,NA
"545","","","","",NA,NA,"",NA,NA,"",NA,NA,NA,NA,NA,NA,NA,NA,NA,NA,NA,NA
"546","","","","",NA,NA,"",NA,NA,"",NA,NA,NA,NA,NA,NA,NA,NA,NA,NA,NA,NA
"547","","","","",NA,NA,"",NA,NA,"",NA,NA,NA,NA,NA,NA,NA,NA,NA,NA,NA,NA
"548","","","","",NA,NA,"",NA,NA,"",NA,NA,NA,NA,NA,NA,NA,NA,NA,NA,NA,NA
"549","","","","",NA,NA,"",NA,NA,"",NA,NA,NA,NA,NA,NA,NA,NA,NA,NA,NA,NA
"550","","","","",NA,NA,"",NA,NA,"",NA,NA,NA,NA,NA,NA,NA,NA,NA,NA,NA,NA
"551","","","","",NA,NA,"",NA,NA,"",NA,NA,NA,NA,NA,NA,NA,NA,NA,NA,NA,NA
"552","","","","",NA,NA,"",NA,NA,"",NA,NA,NA,NA,NA,NA,NA,NA,NA,NA,NA,NA
